<?xml version="1.0" ?>
<!--
Licensed to the Apache Software Foundation (ASF) under one or more 
contributor license agreements. See the NOTICE file distributed with
this work for additional information regarding copyright ownership. 
The ASF licenses this file to you under the Apache License, Version 2.0
(the "License"); you may not use this file except in compliance with 
the License. You may obtain a copy of the License at

http://www.apache.org/licenses/LICENSE-2.0

Unless required by applicable law or agreed to in writing, software
distributed under the License is distributed on an "AS IS" BASIS,
WITHOUT WARRANTIES OR CONDITIONS OF ANY KIND, either express or implied.
See the License for the specific language governing permissions and
limitations under the License.
-->
<document>

    <properties>
        <author email="nicko at apache dot org">Nicko Cadell</author>
        <title>Apache log4net: Building log4net</title>
    </properties>

    <meta name="keywords" content="building log4net, log4net" />

    <body>
        <section id="main" name="Building Apache log4net&#x2122;">
            <p>
                see <a href="https://github.com/apache/logging-log4net/blob/master/doc/BUILDING.md">BUILDING.md</a>
            </p>
        </section>
    </body>
</document>