<?xml version="1.0"?>
<!--
Licensed to the Apache Software Foundation (ASF) under one or more
contributor license agreements.  See the NOTICE file distributed with
this work for additional information regarding copyright ownership.
The ASF licenses this file to You under the Apache License, Version 2.0
(the "License"); you may not use this file except in compliance with
the License.  You may obtain a copy of the License at

     http://www.apache.org/licenses/LICENSE-2.0

Unless required by applicable law or agreed to in writing, software
distributed under the License is distributed on an "AS IS" BASIS,
WITHOUT WARRANTIES OR CONDITIONS OF ANY KIND, either express or implied.
See the License for the specific language governing permissions and
limitations under the License.
-->
<document>
  <properties>
    <title>Download Apache log4net</title>
  </properties>

  <body>
    <section name="Download Apache log4net&#x2122;">

      <div class="paragraph">
        <p>
          You can manually download all published log4net distributions, verify them, and see their licensing information by following the instructions in <a href="https://logging.apache.org/download.html">the Download page</a> of <a href="https://logging.apache.org">Logging Services</a>.
        </p>
      </div>

      <div class="ulist">
        <ul>
          <li>
            <p>
              Are you looking for <strong>the log4net installation instructions</strong>? Proceed to <a href="manual/installation.html" class="xref page">Installation</a>.
            </p>
          </li>
          <li>
            <p>
              Are you looking for the list of changes associated with a particular release? Proceed to <a href="release-notes.html" class="xref page">Release Notes</a>.
            </p>
          </li>
        </ul>
      </div>

    </section>
  </body>
</document>