<?xml version="1.0" ?>
<!--
Licensed to the Apache Software Foundation (ASF) under one or more
contributor license agreements. See the NOTICE file distributed with
this work for additional information regarding copyright ownership.
The ASF licenses this file to you under the Apache License, Version 2.0
(the "License"); you may not use this file except in compliance with
the License. You may obtain a copy of the License at

http://www.apache.org/licenses/LICENSE-2.0

Unless required by applicable law or agreed to in writing, software
distributed under the License is distributed on an "AS IS" BASIS,
WITHOUT WARRANTIES OR CONDITIONS OF ANY KIND, either express or implied.
See the License for the specific language governing permissions and
limitations under the License.
-->
<document>

  <properties>
    <author email="nicko at apache dot org">Nicko Cadell</author>
    <title>Apache log4net: Supported Frameworks</title>
  </properties>

  <meta name="keywords" content="log4net supported frameworks, netstandard, .net, log4net" />

  <body>
    <section id="main" name="Apache log4net&#x2122; Supported Frameworks">

      <section id="summary" name="Summary of .NET frameworks supported by log4net">
        <p>
          log4net is regularly built by its developers on the following frameworks:
        </p>

        <div class="table">
          <table>
            <colgroup>
              <col style="text-align: left; white-space: nowrap" />
              <col style="text-align: left;" />
            </colgroup>
            <tr>
              <th>Framework</th>
              <th>Website</th>
            </tr>
            <tr style="vertical-align: top;">
              <td>Microsoft .NET 8 providing .NET Standard 2.0</td>
              <td>
                <a href="https://dotnet.microsoft.com/en-us/download/dotnet/8.0">https://dotnet.microsoft.com/en-us/download/dotnet/8.0</a>
              </td>
            </tr>
            <tr style="vertical-align: top;">
              <td>Microsoft .NET Framework 4.6.2</td>
              <td>
                <a href="http://msdn.microsoft.com/en-us/netframework/">http://msdn.microsoft.com/en-us/netframework/</a>
              </td>
            </tr>
          </table>
        </div>
      </section>

      <section id="appenders" name="Appenders">
        <p>
          The following appenders are supported as specified:
        </p>
        <div class="table">
          <table>
            <colgroup>
              <col style="text-align: left;" />
              <col style="text-align: center;" />
              <col style="text-align: center;" />
            </colgroup>
            <tr>
              <th>Appender</th>
              <th>.NET Framework 4.6.2</th>
              <th>.NET Standard 2.0</th>
            </tr>
            <tr>
              <td>AdoNetAppender</td>
              <td>x</td>
              <td>x</td>
            </tr>
            <tr>
              <td>AnsiColorTerminalAppender</td>
              <td>x</td>
              <td>x</td>
            </tr>
            <tr>
              <td>AspNetTraceAppender</td>
              <td>x</td>
              <td></td>
            </tr>
            <tr>
              <td>BufferingForwardingAppender</td>
              <td>x</td>
              <td>x</td>
            </tr>
            <tr>
              <td>ColoredConsoleAppender</td>
              <td>x</td>
              <td>x</td>
            </tr>
            <tr>
              <td>ConsoleAppender</td>
              <td>x</td>
              <td>x</td>
            </tr>
            <tr>
              <td>DebugAppender</td>
              <td>x</td>
              <td>x</td>
            </tr>
            <tr>
              <td>EventLogAppender</td>
              <td>x</td>
              <td></td>
            </tr>
            <tr>
              <td>FileAppender</td>
              <td>x</td>
              <td>x</td>
            </tr>
            <tr>
              <td>ForwardingAppender</td>
              <td>x</td>
              <td>x</td>
            </tr>
            <tr>
              <td>LocalSyslogAppender</td>
              <td>x</td>
              <td>x</td>
            </tr>
            <tr>
              <td>ManagedColoredConsoleAppender</td>
              <td>x</td>
              <td>x</td>
            </tr>
            <tr>
              <td>MemoryAppender</td>
              <td>x</td>
              <td>x</td>
            </tr>
            <tr>
              <td>OutputDebugStringAppender</td>
              <td>x</td>
              <td>x</td>
            </tr>
            <tr>
              <td>RemoteSyslogAppender</td>
              <td>x</td>
              <td>x</td>
            </tr>
            <tr>
              <td>RollingFileAppender</td>
              <td>x</td>
              <td>x</td>
            </tr>
            <tr>
              <td>SmtpAppender</td>
              <td>x</td>
              <td>x</td>
            </tr>
            <tr>
              <td>SmtpPickupDirAppender</td>
              <td>x</td>
              <td>x</td>
            </tr>
            <tr>
              <td>TelnetAppender</td>
              <td>x</td>
              <td>x</td>
            </tr>
            <tr>
              <td>TraceAppender</td>
              <td>x</td>
              <td>x</td>
            </tr>
            <tr>
              <td>UdpAppender</td>
              <td>x</td>
              <td>x</td>
            </tr>
          </table>
        </div>
      </section>
    </section>
  </body>
</document>
