<?xml version="1.0"?>
<!--
Licensed to the Apache Software Foundation (ASF) under one or more
contributor license agreements. See the NOTICE file distributed with
this work for additional information regarding copyright ownership.
The ASF licenses this file to you under the Apache License, Version 2.0
(the "License"); you may not use this file except in compliance with
the License. You may obtain a copy of the License at

http://www.apache.org/licenses/LICENSE-2.0

Unless required by applicable law or agreed to in writing, software
distributed under the License is distributed on an "AS IS" BASIS,
WITHOUT WARRANTIES OR CONDITIONS OF ANY KIND, either express or implied.
See the License for the specific language governing permissions and
limitations under the License.
-->
<document>
  <properties>
    <title>Install Apache log4net</title>
  </properties>

  <body>
    <section name="Install Apache log4net&#x2122;">

      <p>The preferred way to install log4net is to use our <a href="https://www.nuget.org/packages/log4net">nuget package</a></p>

      <p>
        Just add the following lines in your project file.
        <pre class="code">&lt;ItemGroup&gt;
  &lt;PackageReference Include=&quot;log4net&quot; Version=&quot;*&quot; /&gt;
&lt;/ItemGroup&gt;</pre>
        Now you can use log4net. See our <a href="https://github.com/apache/logging-log4net/tree/master/examples">examples</a>.
      </p>
      <p/>
      <p>
        Alternatively you can use the dotnet tool.
        <pre class="code">dotnet add package log4net</pre>
      </p>

    </section>
  </body>
</document>